{
	"format_version": "1.8.0",
	"animations": {
		"cleave_rush": {
			"animation_length": 1,
			"bones": {
				"body": {
					"rotation": {
						"0.0": [0, 0, 0],
						"0.0417": [0, 2.09896, 0],
						"0.0833": [0, 5.74112, 0],
						"0.125": [0, 9.94266, 0],
						"0.1667": [0, 14.44685, 0],
						"0.2083": [0, 19.13819, 0],
						"0.4583": [0, 48.65545, 0],
						"0.5417": [0, 58.36181, 0],
						"0.5833": [0, 63.05315, 0],
						"0.625": [0, 67.55734, 0],
						"0.6667": [0, 71.75888, 0],
						"0.7083": [0, 75.40104, 0],
						"0.75": [0, 77.5, 0]
					}
				},
				"torso": {
					"rotation": {
						"0.0": [0, 0, 0],
						"0.0417": [0, -0.54167, 0],
						"0.0833": [0, -1.48158, 0],
						"0.5417": [0, -15.06111, 0],
						"0.6667": [0, -18.51842, 0],
						"0.7083": [0, -19.45833, 0],
						"0.75": [0, -20, 0]
					}
				},
				"head": {
					"rotation": {
						"0.0": [0, 0, 0],
						"0.0417": [0, -1.48959, 0],
						"0.0833": [0, -4.07434, 0],
						"0.125": [0, -7.05608, 0],
						"0.1667": [0, -10.2526, 0],
						"0.4583": [0, -34.52967, 0],
						"0.5833": [0, -44.7474, 0],
						"0.625": [0, -47.94392, 0],
						"0.6667": [0, -50.92566, 0],
						"0.7083": [0, -53.51041, 0],
						"0.75": [0, -55, 0]
					}
				},
				"right_arm": {
					"rotation": {
						"0.0": [0, 0, 0],
						"0.0417": [0, 0, 0.27083],
						"0.5833": [0, 0, 8.13589],
						"0.7083": [0, 0, 9.72917],
						"0.75": [0, 0, 10]
					}
				},
				"left_arm": {
					"rotation": {
						"0.0": [0, 0, 0],
						"0.0417": [-2.77605, -1.76042, 0],
						"0.0833": [-7.5931, -4.81513, 0],
						"0.125": [-13.14998, -8.33901, 0],
						"0.1667": [-19.10712, -12.11671, 0],
						"0.2083": [-25.3118, -16.05138, 0],
						"0.25": [-31.67786, -20.0884, 0],
						"0.4583": [-64.35075, -40.80779, 0],
						"0.5": [-70.82214, -44.9116, 0],
						"0.5417": [-77.1882, -48.94862, 0],
						"0.5833": [-83.39288, -52.88329, 0],
						"0.625": [-89.35002, -56.66099, 0],
						"0.6667": [-94.9069, -60.18487, 0],
						"0.7083": [-99.72395, -63.23958, 0],
						"0.75": [-102.5, -65, 0],
						"0.7917": [-103.99748, -65, 0],
						"0.8333": [-108.4609, -65, 0],
						"0.9167": [-121.5391, -65, 0],
						"0.9583": [-126.00252, -65, 0],
						"1.0": [-127.5, -65, 0]
					}
				},
				"right_leg": {
					"rotation": {
						"0.0": [0, 0, 0],
						"0.0417": [0, 0, 0.20313],
						"0.5833": [0, 0, 6.10192],
						"0.7083": [0, 0, 7.29687],
						"0.75": [0, 0, 7.5]
					}
				},
				"left_leg": {
					"rotation": {
						"0.0": [0, 0, 0],
						"0.5417": [0, 0, -1.88264],
						"0.75": [0, 0, -2.5]
					}
				}
			}
		},
		"cleave_web": {
			"animation_length": 0.75,
			"bones": {
				"torso": {
					"rotation": {
						"0.0": [0, 0, 0],
						"0.375": [12.5, 0, 0]
					},
					"position": {
						"0.0": [0, 0, 0],
						"0.375": [0, -6, 0]
					}
				},
				"head": {
					"rotation": {
						"0.0": [0, 0, 0],
						"0.375": [65, 0, 0]
					},
					"position": {
						"0.0": [0, 0, 0],
						"0.375": [0, -5, 0]
					}
				},
				"right_arm": {
					"rotation": {
						"0.0": [0, 0, 0],
						"0.375": [-22.5, 0, 0]
					},
					"position": {
						"0.0": [0, 0, 0],
						"0.375": [0, -14, -4]
					}
				},
				"left_arm": {
					"position": {
						"0.0": [0, 0, 0],
						"0.375": [0, -7, 0]
					}
				},
				"right_leg": {
					"rotation": {
						"0.0": [0, 0, 0],
						"0.375": [25, 0, 0]
					},
					"position": {
						"0.0": [0, 0, 0],
						"0.375": [0, -4, -2]
					}
				},
				"left_leg": {
					"rotation": {
						"0.0": [0, 0, 0],
						"0.375": [45, 0, 0]
					},
					"position": {
						"0.0": [0, 0, 0],
						"0.375": [0, -5, 4]
					}
				}
			}
		}
	}
}