{
	"format_version": "1.8.0",
	"animations": {
		"cursed_strikes": {
			"animation_length": 3,
			"bones": {
				"torso": {
					"rotation": {
						"0.0": [0, 0, 0],
						"0.0417": [0, 0.22553, 0],
						"0.5833": [0, 6.21107, 0],
						"0.875": [0, 9.40822, 0],
						"0.9167": [0, 9.77447, 0],
						"0.9583": [0, 10, 0],
						"1.0": [0, 8.17528, 0],
						"1.0833": [0, -10.67528, 0],
						"1.125": [0, -12.5, 0],
						"1.1667": [0, -10.18136, 0],
						"1.2083": [0, 7.68136, 0],
						"1.25": [0, 10, 0],
						"1.2917": [0, 8.17528, 0],
						"1.375": [0, -10.67528, 0],
						"1.4167": [0, -12.5, 0],
						"1.4583": [0, -10.67528, 0],
						"1.5417": [0, 8.17528, 0],
						"1.5833": [0, 10, 0],
						"1.625": [0, 8.17528, 0],
						"1.7083": [0, -10.67528, 0],
						"1.75": [0, -12.5, 0],
						"1.7917": [0, -13.18453, 0],
						"1.8333": [0, -15.65075, 0],
						"1.875": [0, -19.34925, 0],
						"1.9167": [0, -21.81547, 0],
						"1.9583": [0, -22.5, 0],
						"2.0": [0, -21.98308, 0],
						"2.0417": [0, -21.05321, 0],
						"2.4167": [0, -9.93137, 0],
						"2.5417": [0, -6.44679, 0],
						"2.5833": [0, -5.51692, 0],
						"2.625": [0, -5, 0]
					}
				},
				"head": {
					"rotation": {
						"0.0": [0, 0, 0],
						"0.0417": [0, 0.4364, 0],
						"0.5833": [0, 12.01842, 0],
						"0.8333": [0, 17.40648, 0],
						"0.9167": [0, 18.9136, 0],
						"0.9583": [0, 19.35, 0],
						"1.0": [0, 16.76701, 0],
						"1.0833": [0, -9.91701, 0],
						"1.125": [0, -12.5, 0],
						"1.1667": [0, -9.21783, 0],
						"1.2083": [0, 16.06783, 0],
						"1.25": [0, 19.35, 0],
						"1.2917": [0, 16.76701, 0],
						"1.375": [0, -9.91701, 0],
						"1.4167": [0, -12.5, 0],
						"1.4583": [0, -9.91701, 0],
						"1.5417": [0, 16.76701, 0],
						"1.5833": [0, 19.35, 0],
						"1.625": [0, 16.76701, 0],
						"1.7083": [0, -9.91701, 0],
						"1.75": [0, -12.5, 0],
						"2.2083": [0, -12.5, 0],
						"2.25": [0, -13.54823, 0],
						"2.2917": [0, -16.67263, 0],
						"2.375": [0, -25.82737, 0],
						"2.4167": [0, -28.95177, 0],
						"2.4583": [0, -30, 0],
						"2.5": [0, -27.97253, 0],
						"2.5833": [0, -7.02747, 0],
						"2.625": [0, -5, 0],
						"2.6667": [0, -3.17528, 0],
						"2.75": [0, 15.67528, 0],
						"2.7917": [0, 17.5, 0]
					}
				},
				"right_arm": {
					"rotation": {
						"0.0": [0, 0, 0],
						"0.0417": [-5.8328, -1.15894, -0.37358],
						"0.125": [-66.0895, -13.13156, -4.23292],
						"0.1667": [-71.9223, -14.2905, -4.6065],
						"0.2083": [-72.66875, -14.80556, -4.62326],
						"0.25": [-74.09149, -15.80098, -4.65552],
						"0.2917": [-75.7764, -16.99871, -4.69417],
						"0.4583": [-83.09395, -22.4924, -4.86885],
						"0.5": [-84.81112, -23.89558, -4.91251],
						"0.5417": [-86.38681, -25.2658, -4.95451],
						"0.5833": [-87.74687, -26.57342, -4.99368],
						"0.625": [-88.76897, -27.77175, -5.02816],
						"0.6667": [-89.20404, -28.76806, -5.05422],
						"0.7083": [-88.299, -29.2846, -5.0606],
						"0.75": [-24.4223, -14.2905, -4.6065],
						"0.8333": [-108.5682, -40.7158, 4.1207],
						"0.875": [-101.28776, -36.71434, 2.68415],
						"0.9167": [-45.11714, -5.85243, -8.49316],
						"0.9583": [-37.8171, -1.8285, -9.9431],
						"1.0": [-41.02322, -2.93785, -7.8955],
						"1.0833": [-74.20154, -14.55746, 13.21425],
						"1.125": [-77.4029, -15.6785, 15.2454],
						"1.1667": [-73.31416, -14.2495, 12.63716],
						"1.2083": [-41.90058, -3.27041, -7.35304],
						"1.25": [-37.8171, -1.8285, -9.9431],
						"1.2917": [-41.02322, -2.93785, -7.8955],
						"1.375": [-74.20154, -14.55746, 13.21425],
						"1.4167": [-77.4029, -15.6785, 15.2454],
						"1.4583": [-74.18355, -14.55311, 13.19104],
						"1.5417": [-41.03169, -2.96558, -7.9052],
						"1.5833": [-37.8171, -1.8285, -9.9431],
						"1.625": [-41.02322, -2.93785, -7.8955],
						"1.7083": [-74.20154, -14.55746, 13.21425],
						"1.75": [-77.4029, -15.6785, 15.2454],
						"1.7917": [-72.74051, -15.80459, 14.53639],
						"1.8333": [-55.97622, -16.27512, 12.01506],
						"1.875": [-30.84844, -16.98388, 8.23857],
						"1.9167": [-14.10153, -17.45441, 5.71276],
						"1.9583": [-9.4625, -17.5805, 4.9977],
						"2.0": [-12.58948, -17.65585, 5.04407],
						"2.0417": [-19.03631, -17.81827, 5.1604],
						"2.0833": [-27.01693, -18.02103, 5.30919],
						"2.125": [-35.8159, -18.24545, 5.47545],
						"2.1667": [-45.03147, -18.48105, 5.65077],
						"2.2083": [-54.37582, -18.72034, 5.82918],
						"2.25": [-63.59124, -18.95667, 6.00535],
						"2.2917": [-72.3899, -19.18263, 6.17338],
						"2.3333": [-80.37002, -19.38791, 6.32506],
						"2.375": [-86.81607, -19.55419, 6.44583],
						"2.4167": [-89.9418, -19.6358, 6.4994],
						"2.4583": [-142.4418, -19.6358, 6.4994],
						"2.5": [-131.08299, -18.61111, 6.45453],
						"2.5833": [-13.67641, -8.17119, 6.01187],
						"2.625": [-2.3176, -7.1465, 5.967],
						"2.6667": [-0.90662, -7.13415, 5.96713],
						"2.75": [13.75324, -7.15582, 5.97726],
						"2.7917": [15.1824, -7.1465, 5.967],
						"2.875": [-114.5077, -1.4161, 86.0649]
					},
					"position": {
						"0.0": [0, 0, 0],
						"0.0417": [0, 0, -0.2433],
						"0.125": [0, 0, -2.7567],
						"0.1667": [0, 0, -3],
						"0.2083": [0.03436, 0, -3.01174],
						"0.25": [0.10077, 0, -3.03341],
						"0.5": [0.64073, 0, -3.16651],
						"0.5833": [0.81933, 0, -3.17957],
						"0.625": [0.89923, 0, -3.17062],
						"0.6667": [0.96564, 0, -3.14213],
						"0.7083": [1, 0, -3.07],
						"0.75": [0, 0, -1],
						"0.8333": [0, 0, -4],
						"0.875": [0, 0, -3.69085],
						"0.9167": [0, 0, -1.30915],
						"0.9583": [0, 0, -1],
						"1.0": [0.0811, 0, -1.32439],
						"1.0833": [0.9189, 0, -4.67561],
						"1.125": [1, 0, -5],
						"1.1667": [0.89695, 0, -4.5878],
						"1.2083": [0.10305, 0, -1.4122],
						"1.25": [0, 0, -1],
						"1.2917": [0.0811, 0, -1.32439],
						"1.375": [0.9189, 0, -4.67561],
						"1.4167": [1, 0, -5],
						"1.4583": [0.9189, 0, -4.67561],
						"1.5417": [0.0811, 0, -1.32439],
						"1.5833": [0, 0, -1],
						"1.625": [0.0811, 0, -1.32439],
						"1.7083": [0.9189, 0, -4.67561],
						"1.75": [1, 0, -5],
						"1.7917": [0.93155, 0, -4.72619],
						"1.8333": [0.68493, 0, -3.7397],
						"1.875": [0.31507, 0, -2.2603],
						"1.9167": [0.06845, 0, -1.27381],
						"1.9583": [0, 0, -1],
						"2.0": [0, -0.07753, -1.15507],
						"2.0417": [0, -0.2377, -1.4754],
						"2.0833": [0, -0.43605, -1.87209],
						"2.125": [0, -0.65476, -2.30953],
						"2.25": [0, -1.34524, -3.69047],
						"2.2917": [0, -1.56395, -4.12791],
						"2.3333": [0, -1.7623, -4.5246],
						"2.375": [0, -1.92247, -4.84493],
						"2.4167": [0, -2, -5],
						"2.4583": [0, 2, -5],
						"2.5": [0, 1.8378, -4.7567],
						"2.5833": [0, 0.1622, -2.2433],
						"2.625": [0, 0, -2],
						"2.6667": [0, 0, -2.2396],
						"2.7083": [0, 0, -2.95374],
						"2.7917": [0, 0, -5.04626],
						"2.8333": [0, 0, -5.7604],
						"2.875": [0, 0, -6]
					}
				},
				"left_arm": {
					"rotation": {
						"0.0": [0, 0, 0],
						"0.0417": [-4.6719, -0.31046, 0.26104],
						"0.125": [-52.9357, -3.51774, 2.95776],
						"0.1667": [-57.6076, -3.8282, 3.2188],
						"0.2083": [-56.54688, -2.96919, 2.78766],
						"0.25": [-54.52199, -1.29688, 1.94852],
						"0.2917": [-52.11963, 0.73189, 0.93078],
						"0.3333": [-49.53873, 2.96604, -0.18966],
						"0.4583": [-41.61905, 10.28903, -3.85947],
						"0.5": [-39.12873, 12.82315, -5.12816],
						"0.5417": [-36.82457, 15.35978, -6.39716],
						"0.5833": [-34.80701, 17.86857, -7.65092],
						"0.625": [-33.24121, 20.30517, -8.86663],
						"0.6667": [-32.4629, 22.58521, -10.00077],
						"0.7083": [-33.4866, 24.4604, -10.9252],
						"0.75": [-117.9516, 25.4126, -11.4013],
						"0.8333": [-55.4516, 25.4126, -11.4013],
						"0.875": [-60.04962, 26.42333, -11.97045],
						"0.9167": [-95.42788, 34.13727, -16.31885],
						"0.9583": [-100.0259, 35.148, -16.888],
						"1.0": [-95.43389, 31.55098, -16.31296],