{
	"format_version": "1.8.0",
	"animations": {
		"Dismantle": {
			"animation_length": 0.75,
			"bones": {
				"body": {
					"rotation": {
						"0.0": [0, 0, 0],
						"0.0417": [0, 1.82025, 0],
						"0.0833": [0, 5.44862, 0],
						"0.125": [0, 9.87161, 0],
						"0.1667": [0, 14.72281, 0],
						"0.2083": [0, 19.80859, 0],
						"0.2917": [0, 30.19141, 0],
						"0.3333": [0, 35.27719, 0],
						"0.375": [0, 40.12839, 0],
						"0.4167": [0, 44.55138, 0],
						"0.4583": [0, 48.17975, 0],
						"0.5": [0, 50, 0]
					}
				},
				"head": {
					"rotation": {
						"0.0": [0, 0, 0],
						"0.0417": [0, -2.00227, 0],
						"0.0833": [0, -5.99349, 0],
						"0.125": [0, -10.85877, 0],
						"0.1667": [0, -16.1951, 0],
						"0.2083": [0, -21.78945, 0],
						"0.2917": [0, -33.21055, 0],
						"0.3333": [0, -38.8049, 0],
						"0.375": [0, -44.14123, 0],
						"0.4167": [0, -49.00651, 0],
						"0.4583": [0, -52.99773, 0],
						"0.5": [0, -55, 0]
					}
				},
				"right_arm": {
					"rotation": {
						"0.0": [0, 0, 0],
						"0.0417": [0.36269, -0.03157, 0.17927],
						"0.0833": [1.08566, -0.0945, 0.53662],
						"0.3333": [7.02912, -0.61185, 3.47438],
						"0.4167": [8.87704, -0.7727, 4.38778],
						"0.4583": [9.60001, -0.83563, 4.74513],
						"0.5": [9.9627, -0.8672, 4.9244]
					}
				},
				"left_arm": {
					"rotation": {
						"0.0": [0, 0, 0],
						"0.0417": [-3.66702, -2.26017, 0.34601],
						"0.0833": [-10.97663, -6.76546, 1.03572],
						"0.125": [-19.88706, -12.2574, 1.87648],
						"0.1667": [-29.66014, -18.28105, 2.79863],
						"0.2083": [-39.90579, -24.59597, 3.76538],
						"0.2917": [-60.82271, -37.48813, 5.73902],
						"0.3333": [-71.06836, -43.80305, 6.70577],
						"0.375": [-80.84144, -49.8267, 7.62792],
						"0.4167": [-89.75187, -55.31864, 8.46868],
						"0.4583": [-97.06148, -59.82393, 9.15839],
						"0.5": [-100.7285, -62.0841, 9.5044]
					}
				}
			}
		},
		"dismantle_air": {
			"animation_length": 1,
			"bones": {
				"body": {
					"rotation": {
						"0.0": [0, 0, 0],
						"0.25": [0, 0, 45],
						"0.5": [0, -347.5, 45]
					}
				},
				"head": {
					"rotation": {
						"0.0": [0, 0, 0],
						"0.5": [0, -10, 0]
					}
				},
				"right_arm": {
					"rotation": {
						"0.0": [0, 0, 0],
						"0.5": [0, 0, 32.5]
					}
				},
				"left_arm": {
					"rotation": {
						"0.0": [0, 0, 0],
						"0.5": [-95.1754, -14.9416, 1.3378]
					}
				},
				"right_leg": {
					"rotation": {
						"0.0": [0, 0, 0],
						"0.5": [0, 0, 7.5]
					}
				},
				"left_leg": {
					"rotation": {
						"0.0": [0, 0, 0],
						"0.5": [10, 0, 0]
					}
				}
			}
		}
	}
}