{
	"format_version": "1.8.0",
	"animations": {
		"divergent_fist": {
			"animation_length": 1,
			"bones": {
				"torso": {
					"rotation": {
						"0.0": [0, 0, 0],
						"0.0417": [0, 2.90924, 0],
						"0.0833": [0, 13.39068, 0],
						"0.125": [0, 29.10932, 0],
						"0.1667": [0, 39.59076, 0],
						"0.2083": [0, 42.5, 0],
						"0.25": [0, 40.19702, 0],
						"0.2917": [0, 35.6064, 0],
						"0.3333": [0, 30.01044, 0],
						"0.375": [0, 23.8727, 0],
						"0.4167": [0, 17.43817, 0],
						"0.5": [0, 4.30183, 0],
						"0.5417": [0, -2.1327, 0],
						"0.5833": [0, -8.27044, 0],
						"0.625": [0, -13.8664, 0],
						"0.6667": [0, -18.45702, 0],
						"0.7083": [0, -20.76, 0],
						"0.75": [0, 5, 0]
					}
				},
				"head": {
					"rotation": {
						"0.0": [0, 0, 0],
						"0.0417": [1.29573, 1.75866, 0.29166],
						"0.0833": [4.08933, 5.55036, 0.92049],
						"0.125": [7.61554, 10.33642, 1.71422],
						"0.1667": [11.52603, 15.64404, 2.59445],
						"0.25": [19.68567, 26.71896, 4.43115],
						"0.2917": [23.59616, 32.02658, 5.31138],
						"0.3333": [27.12237, 36.81264, 6.10511],
						"0.375": [29.91597, 40.60434, 6.73394],
						"0.4167": [31.2117, 42.363, 7.0256],
						"0.4583": [31.16585, 38.99135, 5.82355],
						"0.5": [31.04472, 30.08236, 2.64734],
						"0.5417": [30.87626, 17.69313, -1.76965],
						"0.5833": [30.69164, 4.11567, -6.61025],
						"0.625": [30.52318, -8.27356, -11.02724],
						"0.6667": [30.40205, -17.18255, -14.20345],
						"0.7083": [30.3562, -20.5542, -15.4055],
						"0.75": [2.9188, -20.0531, 3.5208]
					}
				},
				"right_arm": {
					"rotation": {
						"0.0": [0, 0, 0],
						"0.0417": [-4.29702, 1.54162, 0.76315],
						"0.0833": [-19.77835, 7.0958, 3.51261],
						"0.125": [-42.99515, 15.4252, 7.63589],
						"0.1667": [-58.47648, 20.97938, 10.38535],
						"0.2083": [-62.7735, 22.521, 11.1485],
						"0.25": [-63.86812, 23.70935, 9.9467],
						"0.2917": [-67.81183, 27.99076, 5.61686],
						"0.3333": [-73.72607, 34.41144, -0.87646],
						"0.375": [-77.66978, 38.69285, -5.2063],
						"0.4167": [-78.7644, 39.8812, -6.4081],
						"0.4583": [-78.58059, 35.52758, -6.20225],
						"0.5": [-78.09491, 24.02393, -5.65835],
						"0.5417": [-77.4195, 8.02644, -4.90196],
						"0.5833": [-76.6793, -9.50534, -4.07304],
						"0.625": [-76.00389, -25.50283, -3.31665],
						"0.6667": [-75.51821, -37.00648, -2.77275],
						"0.7083": [-75.3344, -41.3601, -2.5669],
						"0.75": [-80.5595, -24.278, -17.5781]
					},
					"position": {
						"0.0": [0, 0, 0],
						"0.0417": [0, -0.20536, 0.20536],
						"0.0833": [0, -0.94522, 0.94522],
						"0.125": [0, -2.05478, 2.05478],
						"0.1667": [0, -2.79464, 2.79464],
						"0.2083": [0, -3, 3],
						"0.25": [0.13691, -3, 3.20536],
						"0.2917": [0.63015, -3, 3.94522],
						"0.3333": [1.36985, -3, 5.05478],
						"0.375": [1.86309, -3, 5.79464],
						"0.4167": [2, -3, 6],
						"0.4583": [1.85389, -2.85389, 5.41555],
						"0.5": [1.49965, -2.49965, 3.9986],
						"0.5417": [1.02696, -2.02696, 2.10785],
						"0.625": [-0.02696, -0.97304, -2.10785],
						"0.6667": [-0.49965, -0.50035, -3.9986],
						"0.7083": [-0.85389, -0.14611, -5.41555],
						"0.75": [-1, 0, -6]
					}
				},
				"left_arm": {
					"rotation": {
						"0.0": [0, 0, 0],
						"0.0417": [1.38551, 2.87011, 3.7913],
						"0.0833": [6.37724, 13.21055, 17.45064],
						"0.125": [13.86316, 28.71775, 37.93506],
						"0.1667": [18.85489, 39.05819, 51.5944],
						"0.2083": [20.2404, 41.9283, 55.3857],
						"0.25": [18.16692, 40.96468, 53.47328],
						"0.2917": [14.15974, 39.1024, 49.77737],
						"0.3333": [9.3382, 36.86165, 45.33035],
						"0.375": [4.07604, 34.41613, 40.47693],
						"0.4167": [-1.43859, 31.85329, 35.39067],
						"0.5417": [-18.42301, 23.96001, 19.72553],
						"0.5833": [-23.93764, 21.39717, 14.63927],
						"0.625": [-29.1998, 18.95165, 9.78585],
						"0.6667": [-34.02134, 16.7109, 5.33883],
						"0.7083": [-38.02852, 14.84862, 1.64292],
						"0.75": [-40.102, 13.885, -0.2695]
					},
					"position": {
						"0.0": [0, 0, 0],
						"0.0417": [0, 0, -0.34226],
						"0.0833": [0, 0, -1.57537],
						"0.125": [0, 0, -3.42463],
						"0.1667": [0, 0, -4.65774],
						"0.2083": [0, 0, -5],
						"0.25": [-0.27381, -0.06845, -5],
						"0.2917": [-1.2603, -0.31507, -5],
						"0.3333": [-2.7397, -0.68493, -5],
						"0.375": [-3.72619, -0.93155, -5],
						"0.4167": [-4, -1, -5],
						"0.4583": [-3.78136, -1, -4.65435],
						"0.5": [-3.20364, -1, -3.74104],
						"0.5417": [-2.40023, -1, -2.47095],
						"0.5833": [-1.51977, -1, -1.07905],
						"0.625": [-0.71636, -1, 0.19104],
						"0.6667": [-0.13864, -1, 1.10435],
						"0.7083": [0.08, -1, 1.45],
						"0.75": [1, -1, -2]
					}
				},
				"right_leg": {
					"rotation": {
						"0.0": [0, 0, 0],
						"0.0417": [0, 2.90924, 0],
						"0.0833": [0, 13.39068, 0],
						"0.125": [0, 29.10932, 0],
						"0.1667": [0, 39.59076, 0],
						"0.2083": [0, 42.5, 0],
						"0.25": [0, 40.6215, 0],
						"0.2917": [0, 36.87702, 0],
						"0.3333": [0, 32.3125, 0],
						"0.375": [0, 27.30606, 0],
						"0.4167": [0, 22.05753, 0],
						"0.5": [0, 11.34247, 0],
						"0.5417": [0, 6.09394, 0],
						"0.5833": [0, 1.0875, 0],
						"0.625": [0, -3.47702, 0],
						"0.6667": [0, -7.2215, 0],
						"0.7083": [0, -9.1, 0],
						"0.75": [0, 12.5, 0]
					},
					"position": {
						"0.0": [0, 0, 0],
						"0.0417": [0, 0, 0.13691],
						"0.0833": [0, 0, 0.63015],
						"0.125": [0, 0, 1.36985],
						"0.1667": [0, 0, 1.86309],
						"0.2083": [0, 0, 2],
						"0.25": [0, 0, 1.75354],
						"0.2917": [0, 0, 1.26226],
						"0.3333": [0, 0, 0.66338],
						"0.375": [0, 0, 0.00653],
						"0.4167": [0, 0, -0.68208],
						"0.5": [0, 0, -2.08792],
						"0.5417": [0, 0, -2.77653],
						"0.5833": [0, 0, -3.43338],
						"0.625": [0, 0, -4.03226],
						"0.6667": [0, 0, -4.52354],
						"0.7083": [0, 0, -4.77],
						"0.75": [0, 0, 0]
					}
				},
				"left_leg": {
					"rotation": {
						"0.0": [0, 0, 0],
						"0.0417": [0, 2.73811, 0],
						"0.0833": [0, 12.60299, 0],
						"0.125": [0, 27.39701, 0],
						"0.1667": [0, 37.26189, 0],
						"0.2083": [0, 40, 0],
						"0.25": [0, 38.62552, 0],
						"0.2917": [0, 35.96923, 0],
						"0.3333": [0, 32.77311, 0],
						"0.375": [0, 29.28491, 0],
						"0.5417": [0, 14.37065, 0],
						"0.5833": [0, 10.71509, 0],
						"0.625": [0, 7.22689, 0],
						"0.6667": [0, 4.03077, 0],
						"0.7083": [0, 1.37448, 0],
						"0.75": [0, 0, 0]
					},
					"position": {
						"0.0": [0, 0, 0],
						"0.0417": [0, 0, -0.13691],
						"0.0833": [0, 0, -0.63015],
						"0.125": [0, 0, -1.36985],
						"0.1667": [0, 0, -1.86309],
						"0.2083": [0, 0, -2],
						"0.25": [0.02803, 0, -1.90316],
						"0.2917": [0.08391, 0, -1.71013],
						"0.3333": [0.15202, 0, -1.47483],
						"0.375": [0.22673, 0, -1.21675],
						"0.5417": [0.54327, 0, -0.12325],
						"0.5833": [0.61798, 0, 0.13483],
						"0.625": [0.68609, 0, 0.37013],
						"0.6667": [0.74197, 0, 0.56316],
						"0.7083": [0.77, 0, 0.66],
						"0.75": [2, 0, 1]
					}
				}
			}
		},
		"black_flash": {
			"animation_length": 1.25,
			"bones": {
				"torso": {
					"rotation": {
						"0.0": {
							"post": [0, 0, 0],
							"lerp_mode": "catmullrom"
						},
						"0.2083": {
							"post": [0, 42.5, 0],
							"lerp_mode": "catmullrom"
						},
						"0.7083": {
							"post": [0, -20.76, 0],
							"lerp_mode": "catmullrom"
						},
						"0.75": {
							"post": [0, 5, 0],
							"lerp_mode": "catmullrom"
						},
						"1.0": {
							"post": [0, -45, 0],
							"lerp_mode": "catmullrom"
						}
					}
				},
				"head": {
					"rotation": {
						"0.0": {
							"post": [0, 0, 0],
							"lerp_mode": "catmullrom"
						},
						"0.4167": {
							"post": [31.2117, 42.363, 7.0256],
							"lerp_mode": "catmullrom"
						},
						"0.7083": {
							"post": [30.3562, -20.5542, -15.4055],
							"lerp_mode": "catmullrom"
						},